txn_id,date,amount_inr,type,bank,merchant,status
TXN00000,2024-06-12,18758.28,UPI,ICICI,Swiggy,SUCCESS
TXN00001,2024-01-29,47538.18,UPI,HDFC,Swiggy,SUCCESS
TXN00002,2024-01-07,36613.1,UPI,HDFC,Uber,SUCCESS
TXN00003,2024-03-11,29952.99,ATM,ICICI,Paytm,SUCCESS
TXN00004,2024-03-03,8398.36,RTGS,Axis,BookMyShow,DISCREPANCY
TXN00005,2024-02-27,7841.93,ATM,Axis,Zomato,PENDING
TXN00006,2024-02-05,2951.28,RTGS,Kotak,BigBasket,SUCCESS
TXN00007,2024-01-27,43315.5,ATM,Kotak,MakeMyTrip,SUCCESS
TXN00008,2024-06-22,30075.69,ATM,SBI,Amazon,SUCCESS
TXN00009,2024-05-19,35418.23,IMPS,HDFC,MakeMyTrip,SUCCESS
TXN00010,2024-01-23,1078.2,ATM,Kotak,PhonePe,SUCCESS
TXN00011,2024-05-31,48497.0,NEFT,Axis,Ola,SUCCESS
TXN00012,2024-04-18,41200.21,IMPS,ICICI,PhonePe,DISCREPANCY
TXN00013,2024-01-09,11214.3,ATM,Axis,Ola,DISCREPANCY
TXN00014,2024-01-08,9132.16,UPI,HDFC,Paytm,SUCCESS
TXN00015,2024-01-24,9211.06,NEFT,Axis,Ola,SUCCESS
TXN00016,2024-02-25,15246.9,NEFT,SBI,Swiggy,FAILED
TXN00017,2024-02-29,26261.58,NEFT,HDFC,BookMyShow,SUCCESS
TXN00018,2024-05-09,21625.65,IMPS,ICICI,BigBasket,SUCCESS
TXN00019,2024-06-03,14596.9,ATM,SBI,BigBasket,SUCCESS
TXN00020,2024-01-07,30612.05,ATM,HDFC,Swiggy,PENDING
TXN00021,2024-05-23,7504.71,UPI,ICICI,BookMyShow,DISCREPANCY
TXN00022,2024-02-20,14642.63,UPI,SBI,Flipkart,SUCCESS
TXN00023,2024-06-15,18349.77,NEFT,SBI,MakeMyTrip,SUCCESS
TXN00024,2024-06-28,22830.7,UPI,HDFC,Paytm,SUCCESS
TXN00025,2024-05-19,39269.54,IMPS,Kotak,MakeMyTrip,SUCCESS
TXN00026,2024-04-17,10023.71,ATM,SBI,Flipkart,SUCCESS
TXN00027,2024-02-26,25736.01,NEFT,SBI,Flipkart,SUCCESS
TXN00028,2024-04-24,29641.11,UPI,ICICI,PhonePe,SUCCESS
TXN00029,2024-05-30,2370.2,IMPS,Axis,Uber,SUCCESS
TXN00030,2024-03-12,30396.87,IMPS,HDFC,PhonePe,SUCCESS
TXN00031,2024-01-02,8567.68,UPI,HDFC,Uber,SUCCESS
TXN00032,2024-02-10,3299.33,ATM,Kotak,Amazon,SUCCESS
TXN00033,2024-06-27,47446.83,UPI,Kotak,Ola,SUCCESS
TXN00034,2024-04-18,48283.32,NEFT,HDFC,BookMyShow,SUCCESS
TXN00035,2024-03-28,42808.41,UPI,Kotak,Uber,DISCREPANCY
TXN00036,2024-03-12,15265.46,IMPS,ICICI,MakeMyTrip,SUCCESS
TXN00037,2024-02-09,4928.72,UPI,HDFC,Swiggy,PENDING
TXN00038,2024-02-25,34227.44,ATM,Kotak,PhonePe,SUCCESS
TXN00039,2024-03-27,22035.62,RTGS,HDFC,BookMyShow,SUCCESS
TXN00040,2024-01-27,6145.81,UPI,Axis,Paytm,SUCCESS
TXN00041,2024-01-24,24784.09,ATM,SBI,BookMyShow,SUCCESS
TXN00042,2024-04-07,1767.71,ATM,HDFC,Ola,SUCCESS
TXN00043,2024-01-25,49842.45,IMPS,SBI,Amazon,DISCREPANCY
TXN00044,2024-04-01,12976.06,ATM,Kotak,Uber,FAILED
TXN00045,2024-03-29,33142.99,ATM,SBI,Amazon,SUCCESS
TXN00046,2024-06-03,15619.97,ATM,HDFC,Paytm,PENDING
TXN00047,2024-03-08,26027.4,ATM,Axis,Flipkart,FAILED
TXN00048,2024-01-12,27358.18,NEFT,Kotak,BigBasket,SUCCESS
TXN00049,2024-04-27,9283.48,NEFT,HDFC,Paytm,PENDING
TXN00050,2024-05-17,48480.75,IMPS,Kotak,IRCTC,SUCCESS
TXN00051,2024-02-01,41942.62,UPI,ICICI,Paytm,DISCREPANCY
TXN00052,2024-04-06,46977.97,ATM,SBI,Amazon,SUCCESS
TXN00053,2024-01-21,44746.63,UPI,ICICI,BookMyShow,FAILED
TXN00054,2024-05-21,29915.1,UPI,HDFC,Swiggy,FAILED
TXN00055,2024-03-16,46097.62,IMPS,Axis,PhonePe,SUCCESS
TXN00056,2024-06-09,4470.2,ATM,Kotak,Swiggy,SUCCESS
TXN00057,2024-06-07,9839.34,ATM,SBI,Amazon,SUCCESS
TXN00058,2024-04-02,2309.1,RTGS,Kotak,PhonePe,SUCCESS
TXN00059,2024-05-27,16300.25,UPI,HDFC,IRCTC,SUCCESS
TXN00060,2024-02-19,19464.43,UPI,Kotak,BigBasket,SUCCESS
TXN00061,2024-06-29,13603.88,NEFT,SBI,Ola,SUCCESS
TXN00062,2024-01-18,41445.44,RTGS,HDFC,MakeMyTrip,SUCCESS
TXN00063,2024-01-12,17869.83,NEFT,Kotak,Amazon,PENDING
TXN00064,2024-06-18,14082.68,NEFT,Axis,BookMyShow,SUCCESS
TXN00065,2024-02-28,27157.67,NEFT,HDFC,Uber,SUCCESS
TXN00066,2024-03-15,7089.17,IMPS,HDFC,Amazon,SUCCESS
TXN00067,2024-01-21,40119.74,IMPS,Axis,Amazon,FAILED
TXN00068,2024-02-29,3773.8,NEFT,ICICI,PhonePe,FAILED
TXN00069,2024-01-26,49456.28,RTGS,SBI,Zomato,DISCREPANCY
TXN00070,2024-04-07,42208.13,UPI,ICICI,Paytm,DISCREPANCY
TXN00071,2024-03-12,9975.85,RTGS,Kotak,BookMyShow,SUCCESS
TXN00072,2024-04-26,325.83,ATM,Axis,Zomato,SUCCESS
TXN00073,2024-06-11,40782.3,IMPS,ICICI,IRCTC,SUCCESS
TXN00074,2024-04-03,35357.52,UPI,HDFC,Uber,SUCCESS
TXN00075,2024-02-11,36463.91,UPI,Kotak,BigBasket,SUCCESS
TXN00076,2024-04-04,38574.95,ATM,Kotak,Flipkart,SUCCESS
TXN00077,2024-03-31,3748.53,ATM,ICICI,IRCTC,SUCCESS
TXN00078,2024-02-23,17955.36,NEFT,ICICI,Flipkart,SUCCESS
TXN00079,2024-06-20,5837.66,IMPS,Axis,BookMyShow,SUCCESS
TXN00080,2024-03-09,43162.02,IMPS,SBI,BookMyShow,PENDING
TXN00081,2024-06-28,31183.74,RTGS,ICICI,Flipkart,SUCCESS
TXN00082,2024-06-23,16578.36,NEFT,ICICI,BookMyShow,PENDING
TXN00083,2024-06-14,3224.74,NEFT,HDFC,BigBasket,SUCCESS
TXN00084,2024-01-19,15583.57,NEFT,Kotak,Swiggy,SUCCESS
TXN00085,2024-06-04,16292.91,NEFT,SBI,Zomato,SUCCESS
TXN00086,2024-06-11,36493.83,IMPS,HDFC,Amazon,SUCCESS
TXN00087,2024-02-13,31896.0,IMPS,Axis,Ola,SUCCESS
TXN00088,2024-05-16,44366.28,NEFT,Axis,Flipkart,SUCCESS
TXN00089,2024-03-03,23637.14,RTGS,ICICI,Uber,SUCCESS
TXN00090,2024-02-11,6023.73,UPI,ICICI,IRCTC,SUCCESS
TXN00091,2024-04-28,35676.58,UPI,Axis,Swiggy,SUCCESS
TXN00092,2024-04-07,38051.21,RTGS,ICICI,Flipkart,SUCCESS
TXN00093,2024-03-10,28085.8,NEFT,SBI,Swiggy,SUCCESS
TXN00094,2024-06-12,38559.81,IMPS,ICICI,Swiggy,SUCCESS
TXN00095,2024-06-25,25078.54,UPI,Kotak,Flipkart,DISCREPANCY
TXN00096,2024-05-22,26160.5,ATM,ICICI,PhonePe,SUCCESS
TXN00097,2024-02-26,21405.67,ATM,HDFC,Paytm,PENDING
TXN00098,2024-06-24,1319.69,RTGS,SBI,Uber,SUCCESS
TXN00099,2024-03-24,5439.18,NEFT,HDFC,Amazon,SUCCESS
TXN00100,2024-01-15,1619.89,UPI,HDFC,Amazon,PENDING
TXN00101,2024-02-28,31838.7,NEFT,Kotak,Uber,SUCCESS
TXN00102,2024-01-09,15752.08,UPI,SBI,PhonePe,SUCCESS
TXN00103,2024-03-21,25453.11,RTGS,SBI,BookMyShow,SUCCESS
TXN00104,2024-04-12,45382.95,RTGS,SBI,Amazon,SUCCESS
TXN00105,2024-03-09,12502.15,ATM,SBI,Swiggy,SUCCESS
TXN00106,2024-01-17,20548.63,NEFT,SBI,BigBasket,SUCCESS
TXN00107,2024-02-24,37789.78,ATM,Kotak,IRCTC,SUCCESS
TXN00108,2024-05-25,11478.47,NEFT,ICICI,Zomato,SUCCESS
TXN00109,2024-03-21,3895.15,ATM,HDFC,Amazon,PENDING
TXN00110,2024-02-24,15579.06,IMPS,SBI,Uber,DISCREPANCY
TXN00111,2024-06-16,8103.0,IMPS,ICICI,BigBasket,SUCCESS
TXN00112,2024-05-07,46488.4,IMPS,ICICI,Flipkart,SUCCESS
TXN00113,2024-04-11,40415.61,IMPS,HDFC,Paytm,SUCCESS
TXN00114,2024-06-13,31688.52,UPI,Kotak,Uber,SUCCESS
TXN00115,2024-04-27,46765.79,IMPS,Axis,BookMyShow,DISCREPANCY
TXN00116,2024-02-06,40193.42,RTGS,Axis,Swiggy,SUCCESS
TXN00117,2024-03-08,9369.17,RTGS,ICICI,Paytm,FAILED
TXN00118,2024-02-05,44633.32,UPI,HDFC,IRCTC,SUCCESS
TXN00119,2024-03-04,26990.14,IMPS,Axis,IRCTC,SUCCESS
TXN00120,2024-05-23,40381.64,IMPS,ICICI,PhonePe,SUCCESS
TXN00121,2024-05-17,44809.76,IMPS,Kotak,Ola,SUCCESS
TXN00122,2024-03-08,15934.27,ATM,Axis,PhonePe,SUCCESS
TXN00123,2024-05-29,5547.09,NEFT,ICICI,BookMyShow,SUCCESS
TXN00124,2024-04-19,11435.36,ATM,ICICI,BigBasket,SUCCESS
TXN00125,2024-05-29,21384.03,NEFT,SBI,Paytm,SUCCESS
TXN00126,2024-04-12,40909.84,IMPS,Kotak,Ola,SUCCESS
TXN00127,2024-04-02,43043.49,IMPS,SBI,Flipkart,SUCCESS
TXN00128,2024-02-26,397.26,ATM,HDFC,Swiggy,SUCCESS
TXN00129,2024-02-05,25561.83,ATM,SBI,Paytm,SUCCESS
TXN00130,2024-05-10,20899.68,NEFT,SBI,PhonePe,SUCCESS
TXN00131,2024-05-06,11144.29,RTGS,Axis,Zomato,SUCCESS
TXN00132,2024-01-24,6037.28,NEFT,ICICI,MakeMyTrip,SUCCESS
TXN00133,2024-01-13,16913.88,ATM,Kotak,Ola,SUCCESS
TXN00134,2024-01-29,47148.34,ATM,SBI,Ola,SUCCESS
TXN00135,2024-02-09,16193.99,UPI,Kotak,BookMyShow,SUCCESS
TXN00136,2024-06-09,25963.59,ATM,SBI,Swiggy,PENDING
TXN00137,2024-02-10,35165.8,UPI,HDFC,Amazon,SUCCESS
TXN00138,2024-06-23,18213.3,RTGS,SBI,IRCTC,PENDING
TXN00139,2024-04-18,48590.52,NEFT,Axis,IRCTC,SUCCESS
TXN00140,2024-06-01,48124.24,NEFT,ICICI,Zomato,SUCCESS
TXN00141,2024-01-17,12626.53,UPI,HDFC,BigBasket,SUCCESS
TXN00142,2024-04-08,24887.56,NEFT,SBI,BookMyShow,SUCCESS
TXN00143,2024-04-07,15078.87,ATM,Kotak,BigBasket,SUCCESS
TXN00144,2024-06-01,15033.15,IMPS,HDFC,Flipkart,DISCREPANCY
TXN00145,2024-04-29,1892.5,UPI,HDFC,Paytm,SUCCESS
TXN00146,2024-05-15,30497.74,NEFT,SBI,MakeMyTrip,SUCCESS
TXN00147,2024-03-05,25158.82,UPI,HDFC,Uber,SUCCESS
TXN00148,2024-05-21,2621.36,UPI,Kotak,Amazon,SUCCESS
TXN00149,2024-01-03,13968.39,IMPS,HDFC,PhonePe,SUCCESS
TXN00150,2024-06-23,45417.88,ATM,Kotak,Uber,SUCCESS
TXN00151,2024-01-30,11477.24,UPI,SBI,Uber,DISCREPANCY
TXN00152,2024-06-23,7287.5,NEFT,ICICI,BookMyShow,SUCCESS
TXN00153,2024-05-17,24498.17,RTGS,HDFC,Ola,SUCCESS
TXN00154,2024-03-09,49283.24,UPI,ICICI,Zomato,FAILED
TXN00155,2024-06-13,12140.66,UPI,Kotak,IRCTC,PENDING
TXN00156,2024-03-28,33623.17,IMPS,HDFC,Flipkart,SUCCESS
TXN00157,2024-01-29,38092.9,ATM,Axis,BigBasket,SUCCESS
TXN00158,2024-03-16,12802.01,RTGS,ICICI,MakeMyTrip,DISCREPANCY
TXN00159,2024-04-21,36424.41,NEFT,HDFC,BookMyShow,SUCCESS
TXN00160,2024-02-10,18420.77,RTGS,ICICI,Zomato,SUCCESS
TXN00161,2024-04-26,31633.68,NEFT,HDFC,Ola,SUCCESS
TXN00162,2024-01-01,31694.81,ATM,SBI,PhonePe,SUCCESS
TXN00163,2024-03-08,26811.95,NEFT,ICICI,Flipkart,FAILED
TXN00164,2024-05-08,4559.97,IMPS,Axis,BookMyShow,SUCCESS
TXN00165,2024-02-15,41773.36,IMPS,Axis,Ola,SUCCESS
TXN00166,2024-05-09,16072.96,IMPS,Kotak,MakeMyTrip,SUCCESS
TXN00167,2024-01-28,9366.6,IMPS,HDFC,IRCTC,FAILED
TXN00168,2024-06-09,2104.68,RTGS,ICICI,IRCTC,DISCREPANCY
TXN00169,2024-03-17,29565.1,ATM,Kotak,BookMyShow,SUCCESS
TXN00170,2024-06-12,33894.34,NEFT,ICICI,IRCTC,SUCCESS
TXN00171,2024-05-09,878.56,NEFT,HDFC,Zomato,SUCCESS
TXN00172,2024-06-04,25629.05,IMPS,Axis,Zomato,SUCCESS
TXN00173,2024-02-20,11363.46,IMPS,SBI,BigBasket,SUCCESS
TXN00174,2024-02-09,32276.38,UPI,Axis,BookMyShow,SUCCESS
TXN00175,2024-04-05,8759.6,ATM,Kotak,BigBasket,SUCCESS
TXN00176,2024-02-11,34562.34,RTGS,SBI,BookMyShow,SUCCESS
TXN00177,2024-05-18,19367.43,NEFT,Kotak,PhonePe,SUCCESS
TXN00178,2024-05-15,46839.66,UPI,HDFC,BookMyShow,SUCCESS
TXN00179,2024-01-01,6919.17,UPI,SBI,MakeMyTrip,SUCCESS
TXN00180,2024-06-02,17086.26,NEFT,Kotak,Flipkart,SUCCESS
TXN00181,2024-03-23,5718.0,RTGS,HDFC,Swiggy,SUCCESS
TXN00182,2024-05-05,46238.45,UPI,Axis,Swiggy,PENDING
TXN00183,2024-01-05,43873.1,UPI,HDFC,Ola,SUCCESS
TXN00184,2024-01-29,14178.42,ATM,ICICI,IRCTC,DISCREPANCY
TXN00185,2024-04-02,33016.2,RTGS,HDFC,Flipkart,SUCCESS
TXN00186,2024-03-19,40870.25,UPI,HDFC,Uber,SUCCESS
TXN00187,2024-03-02,29396.48,RTGS,ICICI,Zomato,DISCREPANCY
TXN00188,2024-01-15,26506.05,NEFT,Kotak,Paytm,SUCCESS
TXN00189,2024-03-02,12130.52,IMPS,Kotak,Amazon,SUCCESS
TXN00190,2024-05-25,4700.48,UPI,HDFC,PhonePe,SUCCESS
TXN00191,2024-01-21,44865.93,ATM,ICICI,IRCTC,SUCCESS
TXN00192,2024-01-22,45025.88,NEFT,ICICI,IRCTC,SUCCESS
TXN00193,2024-05-04,31673.42,RTGS,Axis,MakeMyTrip,SUCCESS
TXN00194,2024-01-18,16984.54,NEFT,Kotak,IRCTC,SUCCESS
TXN00195,2024-05-16,17493.02,UPI,SBI,Zomato,SUCCESS
TXN00196,2024-02-02,36311.49,RTGS,Kotak,Zomato,SUCCESS
TXN00197,2024-02-02,44860.66,IMPS,Kotak,Amazon,PENDING
TXN00198,2024-06-17,44359.97,NEFT,Axis,BookMyShow,SUCCESS
TXN00199,2024-05-01,39004.78,UPI,SBI,Uber,SUCCESS
TXN00200,2024-05-20,32119.48,ATM,Axis,Flipkart,SUCCESS
TXN00201,2024-02-12,4640.68,RTGS,SBI,IRCTC,DISCREPANCY
TXN00202,2024-03-08,8123.35,NEFT,HDFC,Swiggy,SUCCESS
TXN00203,2024-05-15,44932.78,NEFT,SBI,BigBasket,SUCCESS
TXN00204,2024-06-04,30341.13,IMPS,Axis,MakeMyTrip,SUCCESS
TXN00205,2024-04-18,509.39,IMPS,Kotak,MakeMyTrip,SUCCESS
TXN00206,2024-02-24,5118.5,ATM,SBI,Swiggy,SUCCESS
TXN00207,2024-05-18,33191.91,ATM,SBI,Ola,SUCCESS
TXN00208,2024-06-25,302.83,UPI,ICICI,Swiggy,SUCCESS
TXN00209,2024-02-21,8082.36,UPI,Kotak,Ola,PENDING
TXN00210,2024-03-20,27459.25,ATM,HDFC,Paytm,SUCCESS
TXN00211,2024-04-12,34610.17,ATM,Axis,BigBasket,SUCCESS
TXN00212,2024-06-20,32615.46,RTGS,HDFC,MakeMyTrip,PENDING
TXN00213,2024-06-15,11252.25,IMPS,Kotak,Swiggy,SUCCESS
TXN00214,2024-04-05,35623.35,UPI,SBI,Paytm,SUCCESS
TXN00215,2024-04-22,11900.59,IMPS,SBI,BookMyShow,SUCCESS
TXN00216,2024-05-12,16182.0,IMPS,Kotak,PhonePe,DISCREPANCY
TXN00217,2024-04-25,37337.25,ATM,SBI,Flipkart,SUCCESS
TXN00218,2024-01-31,32499.16,RTGS,SBI,Paytm,SUCCESS
TXN00219,2024-03-04,42468.71,NEFT,SBI,Flipkart,SUCCESS
TXN00220,2024-02-27,32897.76,RTGS,Axis,Swiggy,FAILED
TXN00221,2024-01-17,28437.01,RTGS,Axis,Uber,SUCCESS
TXN00222,2024-03-27,4729.05,IMPS,ICICI,BookMyShow,SUCCESS
TXN00223,2024-01-06,18417.4,RTGS,HDFC,Paytm,SUCCESS
TXN00224,2024-05-30,13296.86,UPI,Kotak,BigBasket,SUCCESS
TXN00225,2024-05-21,12237.28,IMPS,Kotak,Swiggy,SUCCESS
TXN00226,2024-02-28,48651.88,UPI,Kotak,IRCTC,PENDING
TXN00227,2024-05-30,19685.23,NEFT,ICICI,Zomato,SUCCESS
TXN00228,2024-02-26,42178.84,IMPS,Axis,Paytm,DISCREPANCY
TXN00229,2024-01-02,31575.37,NEFT,ICICI,BigBasket,SUCCESS
TXN00230,2024-01-19,39750.82,IMPS,Kotak,PhonePe,FAILED
TXN00231,2024-06-10,25156.72,ATM,HDFC,IRCTC,SUCCESS
TXN00232,2024-01-16,28866.35,RTGS,SBI,PhonePe,SUCCESS
TXN00233,2024-02-28,25746.48,ATM,Axis,Swiggy,DISCREPANCY
TXN00234,2024-01-18,10554.16,NEFT,Axis,Zomato,DISCREPANCY
TXN00235,2024-01-09,36136.48,RTGS,ICICI,Paytm,SUCCESS
TXN00236,2024-03-25,14074.58,IMPS,Axis,Paytm,FAILED
TXN00237,2024-01-19,1264.58,RTGS,Kotak,Uber,SUCCESS
TXN00238,2024-05-11,32291.34,UPI,Kotak,MakeMyTrip,SUCCESS
TXN00239,2024-03-01,9121.93,RTGS,ICICI,Uber,DISCREPANCY
TXN00240,2024-03-12,47025.91,UPI,Kotak,Swiggy,SUCCESS
TXN00241,2024-06-20,47698.73,RTGS,HDFC,Swiggy,SUCCESS
TXN00242,2024-05-04,42534.14,UPI,ICICI,Zomato,DISCREPANCY
TXN00243,2024-02-24,18539.43,NEFT,HDFC,Uber,SUCCESS
TXN00244,2024-05-18,822.06,ATM,SBI,BigBasket,SUCCESS
TXN00245,2024-02-03,46419.51,IMPS,HDFC,BigBasket,SUCCESS
TXN00246,2024-05-26,21437.8,RTGS,SBI,Zomato,PENDING
TXN00247,2024-05-27,48334.41,ATM,SBI,BookMyShow,PENDING
TXN00248,2024-05-01,48182.82,IMPS,HDFC,MakeMyTrip,SUCCESS
TXN00249,2024-03-03,42516.26,IMPS,ICICI,BigBasket,DISCREPANCY
TXN00250,2024-05-01,14757.72,UPI,Kotak,Ola,SUCCESS
TXN00251,2024-04-14,19285.63,NEFT,Kotak,Flipkart,SUCCESS
TXN00252,2024-02-18,42564.28,NEFT,SBI,Zomato,SUCCESS
TXN00253,2024-01-25,15880.25,ATM,SBI,Zomato,SUCCESS
TXN00254,2024-01-25,8516.16,NEFT,ICICI,Amazon,SUCCESS
TXN00255,2024-06-17,27862.22,RTGS,Axis,IRCTC,SUCCESS
TXN00256,2024-04-20,46810.93,NEFT,HDFC,IRCTC,SUCCESS
TXN00257,2024-03-31,31769.93,ATM,SBI,Ola,DISCREPANCY
TXN00258,2024-04-18,28524.56,NEFT,Kotak,Uber,SUCCESS
TXN00259,2024-04-15,4903.97,RTGS,ICICI,BookMyShow,SUCCESS
TXN00260,2024-04-29,30769.61,UPI,HDFC,Swiggy,SUCCESS
TXN00261,2024-01-14,49503.19,ATM,ICICI,Swiggy,SUCCESS
TXN00262,2024-06-21,7047.2,UPI,HDFC,PhonePe,SUCCESS
TXN00263,2024-06-16,25940.57,UPI,HDFC,Ola,FAILED
TXN00264,2024-06-14,43874.78,UPI,SBI,Zomato,SUCCESS
TXN00265,2024-01-26,37051.39,IMPS,ICICI,Ola,SUCCESS
TXN00266,2024-01-16,34865.94,IMPS,ICICI,Ola,SUCCESS
TXN00267,2024-04-13,35139.08,UPI,Kotak,Ola,SUCCESS
TXN00268,2024-03-27,18006.58,ATM,Kotak,IRCTC,SUCCESS
TXN00269,2024-01-28,14714.91,RTGS,SBI,Ola,SUCCESS
TXN00270,2024-03-04,40477.59,RTGS,SBI,MakeMyTrip,SUCCESS
TXN00271,2024-02-19,40515.16,NEFT,Axis,Flipkart,PENDING
TXN00272,2024-02-18,43360.26,ATM,Kotak,Swiggy,SUCCESS
TXN00273,2024-05-17,45666.37,IMPS,HDFC,PhonePe,SUCCESS
TXN00274,2024-04-24,25591.55,UPI,ICICI,Flipkart,SUCCESS
TXN00275,2024-02-05,25100.74,NEFT,SBI,PhonePe,SUCCESS
TXN00276,2024-04-18,39924.84,RTGS,ICICI,Amazon,SUCCESS
TXN00277,2024-02-16,32515.7,IMPS,ICICI,PhonePe,SUCCESS
TXN00278,2024-03-12,35113.25,IMPS,Axis,Swiggy,SUCCESS
TXN00279,2024-04-28,42406.88,UPI,Kotak,Swiggy,DISCREPANCY
TXN00280,2024-03-04,44505.77,RTGS,SBI,Ola,SUCCESS
TXN00281,2024-01-20,16932.86,ATM,ICICI,Paytm,SUCCESS
TXN00282,2024-04-23,18810.37,IMPS,SBI,Amazon,SUCCESS
TXN00283,2024-05-20,4744.4,UPI,HDFC,MakeMyTrip,SUCCESS
TXN00284,2024-01-26,28935.09,ATM,Axis,Zomato,SUCCESS
TXN00285,2024-01-13,1845.32,RTGS,HDFC,BigBasket,SUCCESS
TXN00286,2024-06-15,23306.62,IMPS,SBI,PhonePe,SUCCESS
TXN00287,2024-05-18,27637.0,ATM,SBI,Paytm,DISCREPANCY
TXN00288,2024-01-04,14362.74,ATM,Kotak,Ola,PENDING
TXN00289,2024-01-24,29562.12,ATM,ICICI,IRCTC,SUCCESS
TXN00290,2024-03-01,1573.49,IMPS,ICICI,Zomato,SUCCESS
TXN00291,2024-02-12,1915.54,IMPS,HDFC,BookMyShow,SUCCESS
TXN00292,2024-04-14,41138.9,NEFT,Axis,Uber,SUCCESS
TXN00293,2024-05-04,18041.52,RTGS,ICICI,Paytm,FAILED
TXN00294,2024-05-03,6396.67,UPI,Kotak,IRCTC,PENDING
TXN00295,2024-02-24,26136.05,ATM,HDFC,Amazon,SUCCESS
TXN00296,2024-04-12,38511.18,NEFT,HDFC,BookMyShow,SUCCESS
TXN00297,2024-01-16,10830.26,UPI,Kotak,Ola,SUCCESS
TXN00298,2024-02-12,31163.38,NEFT,Axis,Zomato,FAILED
TXN00299,2024-04-07,4313.11,IMPS,Kotak,Zomato,SUCCESS
TXN00300,2024-01-01,2631.5,ATM,Axis,Zomato,SUCCESS
TXN00301,2024-04-09,26591.16,UPI,Kotak,Amazon,SUCCESS
TXN00302,2024-03-08,27054.72,UPI,Kotak,BookMyShow,SUCCESS
TXN00303,2024-04-26,31889.62,UPI,SBI,PhonePe,SUCCESS
TXN00304,2024-03-14,34142.61,UPI,HDFC,Uber,DISCREPANCY
TXN00305,2024-04-18,48793.81,UPI,Kotak,MakeMyTrip,SUCCESS
TXN00306,2024-06-27,25839.2,NEFT,Kotak,Amazon,SUCCESS
TXN00307,2024-05-22,16181.68,ATM,ICICI,BigBasket,SUCCESS
TXN00308,2024-06-18,39769.55,IMPS,HDFC,Uber,SUCCESS
TXN00309,2024-05-04,13578.07,IMPS,ICICI,Swiggy,SUCCESS
TXN00310,2024-02-09,21976.62,IMPS,HDFC,Ola,SUCCESS
TXN00311,2024-02-18,3968.9,IMPS,ICICI,Amazon,SUCCESS
TXN00312,2024-03-16,1316.27,NEFT,Kotak,IRCTC,SUCCESS
TXN00313,2024-02-25,48134.29,RTGS,Kotak,Uber,SUCCESS
TXN00314,2024-01-15,41807.21,ATM,SBI,BigBasket,SUCCESS
TXN00315,2024-05-28,34813.91,UPI,ICICI,Swiggy,SUCCESS
TXN00316,2024-05-18,20477.2,RTGS,Axis,PhonePe,SUCCESS
TXN00317,2024-01-16,8706.05,IMPS,SBI,BookMyShow,SUCCESS
TXN00318,2024-03-21,7864.03,RTGS,ICICI,IRCTC,SUCCESS
TXN00319,2024-01-15,12549.63,ATM,ICICI,Uber,SUCCESS
TXN00320,2024-01-13,29924.67,UPI,SBI,Ola,DISCREPANCY
TXN00321,2024-05-29,32451.75,UPI,Kotak,BookMyShow,DISCREPANCY
TXN00322,2024-05-02,32624.92,ATM,ICICI,IRCTC,DISCREPANCY
TXN00323,2024-05-08,12996.11,ATM,Kotak,Swiggy,DISCREPANCY
TXN00324,2024-05-15,47745.52,IMPS,SBI,IRCTC,SUCCESS
TXN00325,2024-02-10,36907.95,UPI,Kotak,BookMyShow,SUCCESS
TXN00326,2024-01-15,27739.98,RTGS,HDFC,Flipkart,SUCCESS
TXN00327,2024-05-10,30605.45,NEFT,Axis,MakeMyTrip,SUCCESS
TXN00328,2024-01-21,21009.02,NEFT,ICICI,Paytm,SUCCESS
TXN00329,2024-02-17,12142.23,ATM,Axis,PhonePe,DISCREPANCY
TXN00330,2024-01-18,17830.84,IMPS,Kotak,Swiggy,SUCCESS
TXN00331,2024-06-01,34942.29,NEFT,ICICI,BookMyShow,DISCREPANCY
TXN00332,2024-01-18,768.95,UPI,Kotak,MakeMyTrip,SUCCESS
TXN00333,2024-06-21,5847.83,ATM,HDFC,MakeMyTrip,SUCCESS
TXN00334,2024-03-01,2347.83,RTGS,SBI,IRCTC,SUCCESS
TXN00335,2024-04-13,2084.4,ATM,ICICI,Paytm,SUCCESS
TXN00336,2024-01-31,42780.26,RTGS,HDFC,MakeMyTrip,PENDING
TXN00337,2024-05-25,35197.71,ATM,HDFC,Paytm,PENDING
TXN00338,2024-03-04,23734.98,ATM,ICICI,IRCTC,SUCCESS
TXN00339,2024-05-28,4936.82,ATM,Kotak,BookMyShow,SUCCESS
TXN00340,2024-06-01,24606.21,RTGS,HDFC,Ola,SUCCESS
TXN00341,2024-01-11,23858.16,RTGS,Axis,Flipkart,DISCREPANCY
TXN00342,2024-06-07,8701.43,ATM,HDFC,MakeMyTrip,SUCCESS
TXN00343,2024-01-21,21720.89,NEFT,Kotak,Amazon,SUCCESS
TXN00344,2024-04-17,19955.31,IMPS,Kotak,Flipkart,SUCCESS
TXN00345,2024-06-17,30811.71,IMPS,Axis,IRCTC,SUCCESS
TXN00346,2024-05-29,31772.93,IMPS,HDFC,PhonePe,SUCCESS
TXN00347,2024-05-24,2312.94,RTGS,Kotak,Amazon,SUCCESS
TXN00348,2024-05-13,18761.9,RTGS,ICICI,Swiggy,SUCCESS
TXN00349,2024-03-21,31311.7,NEFT,SBI,Flipkart,SUCCESS
TXN00350,2024-03-07,25181.66,IMPS,SBI,IRCTC,SUCCESS
TXN00351,2024-02-22,42831.67,IMPS,SBI,Flipkart,SUCCESS
TXN00352,2024-06-20,32951.75,ATM,HDFC,MakeMyTrip,SUCCESS
TXN00353,2024-03-21,8188.57,RTGS,Axis,BookMyShow,SUCCESS
TXN00354,2024-03-02,3574.91,IMPS,Kotak,Amazon,SUCCESS
TXN00355,2024-03-08,32138.84,NEFT,ICICI,BigBasket,SUCCESS
TXN00356,2024-04-11,1374.24,NEFT,ICICI,Uber,SUCCESS
TXN00357,2024-02-03,27569.81,IMPS,HDFC,Flipkart,DISCREPANCY
TXN00358,2024-06-20,47014.5,RTGS,SBI,Swiggy,SUCCESS
TXN00359,2024-06-14,28855.02,NEFT,HDFC,Swiggy,DISCREPANCY
TXN00360,2024-03-17,19079.79,ATM,Axis,Zomato,DISCREPANCY
TXN00361,2024-04-27,32182.25,NEFT,Axis,Flipkart,SUCCESS
TXN00362,2024-03-21,22939.73,UPI,Kotak,Uber,SUCCESS
TXN00363,2024-01-19,27303.56,UPI,Kotak,Ola,SUCCESS
TXN00364,2024-01-03,47076.17,RTGS,Axis,MakeMyTrip,SUCCESS
TXN00365,2024-04-27,19335.83,IMPS,Axis,Paytm,SUCCESS
TXN00366,2024-06-08,48061.47,RTGS,Axis,BookMyShow,SUCCESS
TXN00367,2024-05-24,45272.26,RTGS,HDFC,Uber,SUCCESS
TXN00368,2024-01-26,9829.77,RTGS,Axis,Paytm,SUCCESS
TXN00369,2024-01-19,3514.6,RTGS,ICICI,Paytm,SUCCESS
TXN00370,2024-05-17,5083.86,ATM,SBI,BigBasket,SUCCESS
TXN00371,2024-02-24,960.18,ATM,Axis,Zomato,SUCCESS
TXN00372,2024-05-09,4767.43,NEFT,SBI,Uber,SUCCESS
TXN00373,2024-03-08,34166.19,UPI,HDFC,Uber,SUCCESS
TXN00374,2024-02-03,3605.87,RTGS,SBI,BigBasket,SUCCESS
TXN00375,2024-03-30,15982.83,NEFT,HDFC,Flipkart,SUCCESS
TXN00376,2024-01-18,42251.52,UPI,ICICI,Flipkart,SUCCESS
TXN00377,2024-03-03,1212.43,IMPS,HDFC,Flipkart,SUCCESS
TXN00378,2024-04-04,40732.7,ATM,HDFC,PhonePe,PENDING
TXN00379,2024-03-13,14128.65,UPI,Kotak,Paytm,SUCCESS
TXN00380,2024-02-10,5952.33,IMPS,Axis,PhonePe,SUCCESS
TXN00381,2024-04-22,34852.02,UPI,Axis,Zomato,SUCCESS
TXN00382,2024-05-19,31465.7,ATM,ICICI,BookMyShow,SUCCESS
TXN00383,2024-06-29,43879.73,ATM,ICICI,BigBasket,SUCCESS
TXN00384,2024-03-18,36766.8,NEFT,Axis,Uber,FAILED
TXN00385,2024-06-05,40804.94,RTGS,Kotak,MakeMyTrip,DISCREPANCY
TXN00386,2024-06-16,14137.63,UPI,Axis,Paytm,SUCCESS
TXN00387,2024-05-15,8913.11,UPI,Kotak,PhonePe,SUCCESS
TXN00388,2024-01-03,37543.21,IMPS,ICICI,PhonePe,SUCCESS
TXN00389,2024-06-19,40351.4,ATM,SBI,IRCTC,SUCCESS
TXN00390,2024-05-21,49525.73,UPI,ICICI,PhonePe,SUCCESS
TXN00391,2024-03-17,20660.25,ATM,ICICI,BookMyShow,SUCCESS
TXN00392,2024-06-18,18632.3,UPI,HDFC,Ola,SUCCESS
TXN00393,2024-01-27,38831.83,NEFT,HDFC,Uber,SUCCESS
TXN00394,2024-02-04,17073.14,RTGS,HDFC,Ola,FAILED
TXN00395,2024-03-08,46541.33,UPI,HDFC,Uber,SUCCESS
TXN00396,2024-01-30,42927.72,ATM,Kotak,BigBasket,SUCCESS
TXN00397,2024-01-28,21478.25,NEFT,Axis,Uber,SUCCESS
TXN00398,2024-05-21,37556.01,UPI,SBI,Ola,SUCCESS
TXN00399,2024-02-09,37739.42,IMPS,ICICI,Uber,FAILED
TXN00400,2024-03-10,5201.04,RTGS,Kotak,BigBasket,SUCCESS
TXN00401,2024-03-13,45132.52,UPI,SBI,BigBasket,SUCCESS
TXN00402,2024-06-03,24757.02,NEFT,Kotak,Zomato,DISCREPANCY
TXN00403,2024-02-23,41331.55,IMPS,Kotak,Uber,SUCCESS
TXN00404,2024-03-28,16036.48,NEFT,ICICI,MakeMyTrip,PENDING
TXN00405,2024-02-22,44781.39,NEFT,Axis,IRCTC,SUCCESS
TXN00406,2024-06-24,19490.62,IMPS,HDFC,Flipkart,SUCCESS
TXN00407,2024-06-11,591.34,NEFT,Axis,Swiggy,SUCCESS
TXN00408,2024-03-08,45273.83,IMPS,ICICI,BigBasket,SUCCESS
TXN00409,2024-05-09,4609.77,UPI,ICICI,Amazon,PENDING
TXN00410,2024-05-05,15999.72,IMPS,ICICI,Flipkart,SUCCESS
TXN00411,2024-03-05,47505.6,IMPS,SBI,BookMyShow,SUCCESS
TXN00412,2024-01-14,47532.83,RTGS,Axis,Paytm,SUCCESS
TXN00413,2024-01-24,28693.22,IMPS,Axis,Uber,SUCCESS
TXN00414,2024-06-11,34095.41,IMPS,Kotak,Ola,DISCREPANCY
TXN00415,2024-04-18,22415.39,UPI,Kotak,Swiggy,DISCREPANCY
TXN00416,2024-03-11,14695.88,RTGS,Kotak,Amazon,SUCCESS
TXN00417,2024-01-12,16466.79,ATM,ICICI,Flipkart,SUCCESS
TXN00418,2024-01-01,33642.3,UPI,Axis,Uber,SUCCESS
TXN00419,2024-03-26,37631.11,UPI,ICICI,Zomato,SUCCESS
TXN00420,2024-02-03,39589.37,ATM,SBI,Paytm,SUCCESS
TXN00421,2024-06-12,39491.43,IMPS,Kotak,Swiggy,SUCCESS
TXN00422,2024-03-08,4605.74,NEFT,ICICI,IRCTC,FAILED
TXN00423,2024-02-11,24746.29,RTGS,ICICI,Zomato,SUCCESS
TXN00424,2024-04-23,2925.06,NEFT,SBI,Amazon,SUCCESS
TXN00425,2024-05-21,27498.97,ATM,HDFC,BookMyShow,SUCCESS
TXN00426,2024-06-29,22104.45,UPI,Axis,Swiggy,FAILED
TXN00427,2024-04-19,44390.82,UPI,HDFC,Zomato,SUCCESS
TXN00428,2024-05-23,17578.2,RTGS,Kotak,Paytm,SUCCESS
TXN00429,2024-01-03,5897.5,UPI,ICICI,IRCTC,SUCCESS
TXN00430,2024-01-29,7192.43,UPI,SBI,Zomato,SUCCESS
TXN00431,2024-01-20,38087.46,RTGS,SBI,PhonePe,SUCCESS
TXN00432,2024-06-25,30929.99,RTGS,Axis,IRCTC,SUCCESS
TXN00433,2024-02-08,5101.08,ATM,HDFC,Amazon,SUCCESS
TXN00434,2024-05-19,4251.13,UPI,Axis,BookMyShow,SUCCESS
TXN00435,2024-01-10,33561.18,UPI,ICICI,Paytm,DISCREPANCY
TXN00436,2024-04-04,3684.51,ATM,Axis,MakeMyTrip,SUCCESS
TXN00437,2024-05-29,41101.91,IMPS,SBI,Uber,SUCCESS
TXN00438,2024-05-21,35326.8,IMPS,SBI,Ola,SUCCESS
TXN00439,2024-02-07,4113.37,IMPS,Kotak,Ola,SUCCESS
TXN00440,2024-04-20,4287.64,ATM,Kotak,Ola,SUCCESS
TXN00441,2024-02-02,49332.65,UPI,ICICI,Swiggy,SUCCESS
TXN00442,2024-01-11,18744.83,ATM,HDFC,Amazon,SUCCESS
TXN00443,2024-03-19,18563.58,ATM,Axis,Paytm,SUCCESS
TXN00444,2024-04-03,40649.34,IMPS,ICICI,IRCTC,SUCCESS
TXN00445,2024-01-11,47365.07,NEFT,Kotak,Swiggy,SUCCESS
TXN00446,2024-04-01,49300.75,UPI,Axis,Amazon,SUCCESS
TXN00447,2024-02-23,37681.24,IMPS,Kotak,Uber,SUCCESS
TXN00448,2024-06-23,18844.17,NEFT,Axis,PhonePe,SUCCESS
TXN00449,2024-03-04,4220.86,NEFT,HDFC,Paytm,SUCCESS
TXN00450,2024-06-19,38868.49,RTGS,ICICI,Ola,SUCCESS
TXN00451,2024-01-27,27942.29,UPI,Axis,Zomato,SUCCESS
TXN00452,2024-03-31,22841.76,NEFT,SBI,MakeMyTrip,DISCREPANCY
TXN00453,2024-05-23,45322.4,IMPS,SBI,Paytm,SUCCESS
TXN00454,2024-04-14,5604.31,RTGS,Axis,BigBasket,SUCCESS
TXN00455,2024-06-07,24656.62,UPI,Axis,BookMyShow,FAILED
TXN00456,2024-02-09,617.11,ATM,Axis,Amazon,FAILED
TXN00457,2024-03-01,23344.86,IMPS,SBI,Flipkart,DISCREPANCY
TXN00458,2024-02-11,2862.35,NEFT,SBI,Uber,SUCCESS
TXN00459,2024-02-15,5984.95,NEFT,Axis,PhonePe,SUCCESS
TXN00460,2024-04-15,5920.44,IMPS,Kotak,Uber,PENDING
TXN00461,2024-01-07,32478.05,NEFT,Kotak,Paytm,SUCCESS
TXN00462,2024-02-15,37314.94,RTGS,HDFC,Flipkart,SUCCESS
TXN00463,2024-03-26,29189.27,UPI,ICICI,BigBasket,SUCCESS
TXN00464,2024-04-15,48110.52,RTGS,Kotak,IRCTC,SUCCESS
TXN00465,2024-06-20,18774.79,NEFT,SBI,Zomato,FAILED
TXN00466,2024-03-04,14321.32,ATM,Kotak,Flipkart,SUCCESS
TXN00467,2024-03-09,43436.53,UPI,HDFC,Amazon,SUCCESS
TXN00468,2024-02-10,11218.61,UPI,HDFC,Ola,SUCCESS
TXN00469,2024-06-28,48162.97,IMPS,ICICI,BigBasket,SUCCESS
TXN00470,2024-01-28,657.12,IMPS,Kotak,Zomato,SUCCESS
TXN00471,2024-04-07,48495.45,ATM,SBI,MakeMyTrip,SUCCESS
TXN00472,2024-01-10,2205.84,UPI,SBI,PhonePe,SUCCESS
TXN00473,2024-04-30,41218.81,ATM,Axis,Ola,DISCREPANCY
TXN00474,2024-02-26,26408.67,IMPS,SBI,Paytm,SUCCESS
TXN00475,2024-02-21,49648.59,IMPS,ICICI,Flipkart,SUCCESS
TXN00476,2024-04-27,3736.14,UPI,ICICI,Zomato,SUCCESS
TXN00477,2024-03-30,27715.02,RTGS,SBI,BookMyShow,SUCCESS
TXN00478,2024-03-19,48466.66,NEFT,SBI,Swiggy,SUCCESS
TXN00479,2024-02-28,26178.74,IMPS,Axis,BookMyShow,SUCCESS
TXN00480,2024-02-27,31488.46,IMPS,SBI,IRCTC,SUCCESS
TXN00481,2024-01-07,34802.65,RTGS,Axis,BookMyShow,SUCCESS
TXN00482,2024-06-17,22754.33,RTGS,Axis,MakeMyTrip,FAILED
TXN00483,2024-02-19,31396.53,ATM,SBI,IRCTC,SUCCESS
TXN00484,2024-04-12,29236.5,ATM,HDFC,BigBasket,SUCCESS
TXN00485,2024-03-25,45062.84,NEFT,HDFC,PhonePe,SUCCESS
TXN00486,2024-03-12,2320.05,NEFT,Axis,BigBasket,SUCCESS
TXN00487,2024-01-18,14084.11,UPI,SBI,Swiggy,SUCCESS
TXN00488,2024-03-12,47523.05,ATM,HDFC,Amazon,FAILED
TXN00489,2024-03-30,44518.68,IMPS,SBI,PhonePe,FAILED
TXN00490,2024-06-13,22241.3,ATM,SBI,BookMyShow,DISCREPANCY
TXN00491,2024-05-10,31025.62,IMPS,SBI,Uber,PENDING
TXN00492,2024-04-12,13905.19,RTGS,Kotak,Amazon,SUCCESS
TXN00493,2024-06-22,9446.65,ATM,SBI,PhonePe,SUCCESS
TXN00494,2024-05-17,23211.74,RTGS,Kotak,PhonePe,SUCCESS
TXN00495,2024-03-25,17699.94,NEFT,Axis,Swiggy,FAILED
TXN00496,2024-01-08,31694.0,NEFT,HDFC,Paytm,DISCREPANCY
TXN00497,2024-01-30,3932.85,UPI,HDFC,BookMyShow,SUCCESS
TXN00498,2024-03-07,48721.02,ATM,HDFC,Swiggy,SUCCESS
TXN00499,2024-02-15,49311.23,RTGS,HDFC,PhonePe,SUCCESS
